Soil Type,Crop,Ideal Moisture Level (%)
Red & Yellow,Groundnut,80
Loam,Tea,73
Loam,Maize,47
Silt,Cotton,28
Desert,Groundnut,32
Red & Yellow,Grapes,46
Desert,Millet,37
Alluvial,Banana,62
Arid,Pulses,59
Red & Yellow,Cotton,77
Silt,Cotton,47
Laterite,Groundnut,37
Peaty,Tea,30
Black,Tea,71
Sandy Loam,Vegetables,59
Saline,Vegetables,54
Clay,Grapes,49
Sandy Loam,Groundnut,28
Red & Yellow,Vegetables,20
Arid,Rubber,53
Sandy Loam,Tea,66
Desert,Barley,39
Alluvial,Rubber,63
Saline,Mustard,22
Sandy Loam,Rice,44
Sandy Loam,Tomato,33
Sandy Loam,Coffee,55
Laterite,Rubber,53
Alluvial,Cotton,75
Peaty,Coffee,52
Saline,Rice,59
Clay,Potato,73
Peaty,Maize,58
Alluvial,Barley,23
Sandy Loam,Rubber,67
Peaty,Cotton,27
Black,Vegetables,46
Clay,Barley,58
Loam,Pulses,52
Loam,Potato,76
Peaty,Banana,56
Loam,Tomato,43
Peaty,Barley,28
Peaty,Banana,75
Red & Yellow,Tomato,22
Black,Maize,32
Desert,Rubber,25
Alluvial,Coffee,64
Black,Soybean,42
Sandy Loam,Soybean,31
Silt,Potato,56
Loam,Mustard,53
Forest,Barley,66
Saline,Potato,29
Red & Yellow,Pulses,68
Black,Tomato,20
Saline,Banana,37
Sandy Loam,Tea,56
Loam,Pulses,43
Silt,Tea,49
Silt,Potato,30
Arid,Mustard,61
Forest,Tea,42
Arid,Mustard,55
Chalky,Barley,52
Clay,Banana,67
Red & Yellow,Pulses,65
Arid,Coffee,33
Saline,Potato,60
Silt,Tomato,80
Arid,Maize,78
Desert,Banana,52
Saline,Tea,61
Desert,Wheat,64
Arid,Wheat,29
Saline,Soybean,71
Chalky,Soybean,55
Clay,Wheat,74
Red & Yellow,Chili,55
Red & Yellow,Rice,44
Loam,Sugarcane,46
Laterite,Grapes,68
Forest,Rice,61
Black,Chili,44
Sandy Loam,Groundnut,42
Sandy Loam,Coffee,51
Laterite,Rubber,78
Red & Yellow,Banana,31
Arid,Rice,26
Alluvial,Grapes,59
Black,Mustard,59
Loam,Grapes,73
Silt,Rice,50
Saline,Millet,47
Loam,Coffee,34
Chalky,Sugarcane,21
Sandy Loam,Tea,78
Red & Yellow,Sugarcane,62
Sandy Loam,Cotton,50
Alluvial,Groundnut,50
Desert,Maize,71
Saline,Grapes,29
Laterite,Tea,68
Silt,Vegetables,47
Forest,Grapes,45
Desert,Banana,32
Saline,Grapes,57
Peaty,Tea,73
Saline,Chili,59
Arid,Barley,74
Loam,Tea,21
Saline,Barley,56
Loam,Cotton,20
Forest,Tea,77
Chalky,Maize,52
Arid,Wheat,37
Chalky,Rice,27
Red & Yellow,Rice,62
Loam,Millet,32
Clay,Coffee,78
Alluvial,Vegetables,77
Silt,Barley,37
Arid,Coffee,24
Red & Yellow,Pulses,80
Loam,Grapes,31
Peaty,Millet,69
Laterite,Tomato,49
Saline,Banana,34
Sandy Loam,Millet,72
Chalky,Banana,46
Red & Yellow,Soybean,30
Saline,Potato,20
Red & Yellow,Potato,35
Loam,Millet,24
Sandy Loam,Mustard,62
Peaty,Grapes,76
Silt,Rubber,61
Peaty,Rice,49
Arid,Barley,53
Clay,Grapes,47
Saline,Soybean,71
Saline,Sugarcane,33
Peaty,Potato,53
Red & Yellow,Pulses,80
Red & Yellow,Cotton,55
Loam,Tea,51
Sandy Loam,Potato,28
Alluvial,Rubber,50
Laterite,Cotton,21
Sandy Loam,Rubber,27
Alluvial,Rice,36
Loam,Tea,54
Black,Coffee,45
Peaty,Chili,38
Black,Coffee,76
Loam,Tomato,29
Laterite,Grapes,47
Saline,Banana,71
Chalky,Cotton,76
Black,Barley,75
Laterite,Millet,37
Loam,Rubber,33
Black,Soybean,42
Laterite,Soybean,76
Desert,Tomato,50
Saline,Vegetables,32
Peaty,Rubber,41
Red & Yellow,Maize,58
Chalky,Sugarcane,21
Clay,Potato,65
Saline,Sugarcane,72
Clay,Vegetables,35
Clay,Pulses,45
Black,Cotton,80
Saline,Vegetables,33
Red & Yellow,Tea,22
Peaty,Sugarcane,41
Desert,Chili,73
Silt,Maize,43
Red & Yellow,Grapes,51
Chalky,Vegetables,29
Alluvial,Pulses,71
Laterite,Chili,56
Peaty,Banana,71
Loam,Potato,24
Clay,Barley,31
Peaty,Coffee,28
Sandy Loam,Coffee,21
Alluvial,Tomato,49
Laterite,Tomato,49
Arid,Mustard,32
Silt,Chili,23
Black,Wheat,36
Loam,Mustard,75
Chalky,Vegetables,25
Alluvial,Rice,41
Red & Yellow,Tomato,57
Alluvial,Tea,35
Red & Yellow,Millet,27
Chalky,Maize,61
Sandy Loam,Maize,31
Forest,Vegetables,76
Silt,Mustard,23
Silt,Soybean,29
Desert,Pulses,47
Arid,Maize,70
Silt,Vegetables,66
Alluvial,Mustard,77
Arid,Barley,50
Chalky,Vegetables,66
Saline,Millet,65
Silt,Rubber,59
Arid,Grapes,37
Alluvial,Wheat,65
Forest,Wheat,52
Black,Tea,57
Sandy Loam,Chili,75
Loam,Rubber,47
Black,Rubber,20
Chalky,Tea,80
Chalky,Rice,58
Peaty,Sugarcane,20
Loam,Pulses,40
Chalky,Vegetables,70
Laterite,Potato,45
Red & Yellow,Potato,68
Red & Yellow,Rubber,39
Peaty,Maize,54
Alluvial,Barley,58
Black,Groundnut,70
Peaty,Mustard,49
Loam,Rubber,37
Silt,Grapes,73
Alluvial,Mustard,33
Saline,Coffee,51
Desert,Barley,27
Silt,Sugarcane,73
Sandy Loam,Rubber,23
Silt,Grapes,68
Saline,Groundnut,40
Arid,Rubber,56
Loam,Mustard,49
Peaty,Maize,77
Arid,Chili,70
Red & Yellow,Wheat,57
Red & Yellow,Chili,77
Sandy Loam,Wheat,28
Laterite,Sugarcane,25
Black,Rubber,74
Black,Barley,31
Arid,Coffee,42
Clay,Mustard,45
Black,Mustard,70
Loam,Millet,56
Desert,Maize,65
Arid,Vegetables,69
Forest,Chili,53
Laterite,Banana,75
Laterite,Soybean,62
Peaty,Coffee,52
Loam,Groundnut,69
Silt,Millet,68
Sandy Loam,Coffee,66
Alluvial,Tomato,74
Laterite,Grapes,27
Silt,Vegetables,60
Peaty,Pulses,51
Saline,Coffee,41
Desert,Groundnut,67
Desert,Sugarcane,33
Alluvial,Sugarcane,62
Chalky,Soybean,76
Forest,Vegetables,80
Chalky,Tomato,73
Saline,Tea,62
Saline,Pulses,67
Saline,Cotton,68
Saline,Tomato,33
Arid,Wheat,69
Sandy Loam,Vegetables,38
Alluvial,Tomato,80
Alluvial,Millet,32
Laterite,Wheat,51
Saline,Rubber,76
Clay,Sugarcane,53
Red & Yellow,Chili,56
Silt,Soybean,74
Desert,Wheat,37
Clay,Wheat,70
Clay,Pulses,33
Laterite,Tea,77
Clay,Grapes,22
Chalky,Rubber,36
Alluvial,Vegetables,49
Arid,Cotton,70
Loam,Tea,71
Arid,Mustard,21
Arid,Wheat,24
Arid,Millet,28
Clay,Mustard,46
Arid,Rubber,80
Silt,Chili,61
Desert,Rice,39
Desert,Millet,37
Saline,Maize,29
Silt,Chili,66
Forest,Sugarcane,25
Alluvial,Soybean,32
Saline,Chili,68
Chalky,Tomato,69
Black,Banana,55
Chalky,Tea,74
Peaty,Pulses,73
Alluvial,Tea,76
Laterite,Millet,33
Saline,Pulses,29
Chalky,Pulses,48
Silt,Sugarcane,39
Silt,Wheat,34
Alluvial,Barley,55
Silt,Soybean,54
Red & Yellow,Mustard,31
Saline,Grapes,69
Chalky,Cotton,63
Peaty,Tea,48
Silt,Tea,35
Desert,Barley,54
Peaty,Groundnut,65
Desert,Cotton,33
Peaty,Rice,40
Black,Sugarcane,58
Red & Yellow,Soybean,60
Arid,Maize,21
Chalky,Sugarcane,65
Alluvial,Coffee,31
Sandy Loam,Vegetables,31
Chalky,Rice,63
Arid,Chili,32
Sandy Loam,Coffee,65
Black,Sugarcane,53
Red & Yellow,Chili,57
Peaty,Millet,56
Forest,Wheat,20
Silt,Maize,21
Saline,Cotton,23
Clay,Tomato,25
Saline,Barley,28
Forest,Potato,73
Black,Millet,27
Black,Banana,34
Clay,Vegetables,72
Clay,Tea,32
Saline,Potato,35
Desert,Cotton,57
Arid,Rice,59
Sandy Loam,Pulses,32
Silt,Cotton,21
Chalky,Sugarcane,29
Forest,Grapes,76
Alluvial,Sugarcane,67
Red & Yellow,Grapes,64
Desert,Coffee,79
Laterite,Sugarcane,39
Laterite,Pulses,23
Alluvial,Mustard,51
Black,Barley,54
Arid,Banana,47
Peaty,Barley,44
Loam,Chili,46
Forest,Grapes,46
Peaty,Groundnut,56
Loam,Vegetables,36
Sandy Loam,Coffee,41
Black,Coffee,54
Clay,Coffee,32
Laterite,Coffee,57
Peaty,Banana,36
Desert,Tomato,42
Red & Yellow,Mustard,77
Sandy Loam,Mustard,38
Laterite,Rice,67
Saline,Tea,72
Sandy Loam,Wheat,33
Arid,Potato,70
Forest,Maize,37
Saline,Tomato,29
Peaty,Chili,77
Black,Soybean,73
Loam,Tomato,69
Sandy Loam,Potato,77
Saline,Sugarcane,40
Silt,Banana,59
Loam,Coffee,41
Laterite,Maize,46
Forest,Vegetables,54
Loam,Grapes,62
Forest,Millet,30
Silt,Chili,37
Desert,Coffee,29
Peaty,Millet,46
Red & Yellow,Vegetables,58
Loam,Sugarcane,24
Clay,Wheat,31
Sandy Loam,Banana,25
Loam,Rice,49
Chalky,Mustard,67
Saline,Barley,68
Loam,Barley,51
Black,Mustard,35
Arid,Rubber,39
Arid,Soybean,77
Black,Cotton,25
Peaty,Barley,75
Saline,Chili,56
Sandy Loam,Soybean,56
Arid,Sugarcane,73
Alluvial,Rubber,65
Arid,Soybean,68
Forest,Mustard,20
Sandy Loam,Mustard,79
Desert,Rubber,25
Sandy Loam,Rubber,22
Silt,Wheat,72
Silt,Rice,43
Sandy Loam,Tea,65
Red & Yellow,Vegetables,35
Forest,Sugarcane,80
Arid,Groundnut,79
Laterite,Coffee,47
Silt,Mustard,59
Chalky,Banana,49
Peaty,Rubber,22
Peaty,Wheat,48
Clay,Potato,65
Red & Yellow,Rubber,37
Loam,Pulses,43
Clay,Rubber,24
Sandy Loam,Grapes,62
Forest,Groundnut,33
Laterite,Millet,69
Arid,Pulses,67
Silt,Barley,56
Arid,Grapes,41
Red & Yellow,Barley,66
Arid,Potato,45
Black,Groundnut,67
Alluvial,Soybean,73
Saline,Grapes,37
Arid,Rice,51
Alluvial,Rubber,66
Red & Yellow,Tea,65
Clay,Cotton,33
Saline,Potato,27
Red & Yellow,Vegetables,78
Desert,Sugarcane,72
Silt,Vegetables,59
Silt,Chili,75
Arid,Rice,78
Peaty,Grapes,32
Red & Yellow,Tomato,78
Peaty,Vegetables,33
Silt,Pulses,54
Desert,Tomato,29
Black,Groundnut,29
Peaty,Mustard,62
Arid,Cotton,50
Black,Grapes,66
Silt,Sugarcane,34
Laterite,Soybean,34
Chalky,Cotton,61
Sandy Loam,Rice,47
Peaty,Banana,21
Red & Yellow,Sugarcane,25
Clay,Coffee,54
Peaty,Maize,23
Saline,Tomato,41
Sandy Loam,Mustard,45
Desert,Vegetables,55
Loam,Vegetables,36
Sandy Loam,Chili,20
Loam,Rubber,75
Desert,Mustard,59
Black,Maize,54
Clay,Groundnut,40
Loam,Soybean,78
Chalky,Vegetables,52
Desert,Potato,59
Black,Sugarcane,32
Laterite,Sugarcane,52
Laterite,Vegetables,66
Peaty,Wheat,37
Desert,Rubber,30
Desert,Coffee,33
Arid,Sugarcane,76
Alluvial,Mustard,38
Sandy Loam,Banana,77
Saline,Vegetables,49
Forest,Rubber,20
Desert,Potato,33
Arid,Millet,80
Peaty,Grapes,26
Laterite,Chili,57
Black,Tomato,58
Sandy Loam,Tea,28
Desert,Millet,37
Clay,Maize,22
Forest,Millet,58
Desert,Chili,46
Sandy Loam,Maize,41
Sandy Loam,Barley,66
Desert,Soybean,33
Sandy Loam,Rubber,26
Alluvial,Cotton,46
Desert,Rice,74
Loam,Chili,58
Chalky,Rice,25
Laterite,Banana,29
Clay,Rice,21
Peaty,Banana,54
Clay,Rubber,47
Loam,Wheat,34
Sandy Loam,Tomato,73
Loam,Mustard,43
Chalky,Potato,65
Loam,Tomato,56
Saline,Tea,23
Red & Yellow,Rice,34
Red & Yellow,Wheat,46
Arid,Rice,25
Loam,Tomato,76
Black,Grapes,43
Peaty,Mustard,22
Saline,Maize,75
Sandy Loam,Millet,29
Alluvial,Sugarcane,30
Desert,Barley,51
Saline,Barley,41
Desert,Soybean,22
Loam,Tea,43
Alluvial,Cotton,36
Alluvial,Millet,30
Peaty,Cotton,41
Silt,Pulses,75
Peaty,Pulses,63
Saline,Sugarcane,36
Alluvial,Rice,27
Sandy Loam,Tomato,59
Arid,Mustard,39
Clay,Tomato,24
Silt,Mustard,28
Laterite,Coffee,27
Laterite,Maize,44
Red & Yellow,Sugarcane,40
Chalky,Mustard,67
Silt,Wheat,60
Black,Vegetables,37
Desert,Rubber,56
Peaty,Groundnut,26
Red & Yellow,Mustard,52
Chalky,Rice,25
Silt,Sugarcane,76
Loam,Soybean,29
Red & Yellow,Groundnut,28
Arid,Potato,79
Black,Tomato,59
Black,Millet,54
Clay,Rubber,51
Alluvial,Millet,52
Red & Yellow,Pulses,42
Black,Pulses,66
Peaty,Rubber,44
Arid,Wheat,60
Saline,Wheat,65
Arid,Tea,51
Black,Coffee,62
Laterite,Potato,60
Arid,Maize,51
Arid,Pulses,75
Alluvial,Maize,40
Clay,Millet,36
Chalky,Sugarcane,38
Red & Yellow,Rubber,74
Sandy Loam,Banana,57
Clay,Coffee,73
Forest,Rubber,40
Arid,Rice,30
Alluvial,Soybean,56
Red & Yellow,Grapes,71
Laterite,Millet,32
Peaty,Grapes,60
Laterite,Grapes,35
Chalky,Cotton,52
Arid,Sugarcane,25
Desert,Barley,59
Loam,Pulses,64
Black,Rubber,43
Loam,Barley,79
Desert,Sugarcane,35
Black,Mustard,67
Chalky,Coffee,71
Arid,Pulses,33
Arid,Grapes,30
Black,Cotton,29
Laterite,Pulses,27
Black,Wheat,79
Loam,Grapes,64
Loam,Grapes,44
Sandy Loam,Chili,70
Laterite,Grapes,54
Chalky,Chili,31
Arid,Tea,63
Clay,Wheat,45
Clay,Cotton,45
Laterite,Millet,57
Red & Yellow,Maize,52
Alluvial,Tea,29
Clay,Rubber,39
Clay,Grapes,54
Red & Yellow,Pulses,37
Laterite,Potato,32
Laterite,Tea,50
Loam,Soybean,28
Loam,Potato,27
Loam,Chili,57
Peaty,Grapes,48
Saline,Grapes,71
Loam,Vegetables,48
Alluvial,Wheat,70
Loam,Rubber,47
Alluvial,Groundnut,78
Chalky,Barley,73
Arid,Groundnut,31
Clay,Mustard,69
Alluvial,Chili,62
Silt,Barley,33
Alluvial,Groundnut,27
Arid,Grapes,70
Saline,Sugarcane,29
Arid,Vegetables,50
Desert,Tomato,65
Peaty,Vegetables,78
Clay,Wheat,41
Desert,Banana,56
Peaty,Mustard,34
Forest,Maize,65
Sandy Loam,Banana,35
Red & Yellow,Millet,58
Silt,Mustard,35
Clay,Coffee,37
Forest,Rubber,45
Loam,Grapes,35
Laterite,Groundnut,34
Saline,Potato,25
Forest,Rubber,66
Black,Potato,20
Arid,Tea,72
Alluvial,Millet,56
Saline,Millet,46
Laterite,Tea,28
Chalky,Soybean,55
Desert,Mustard,32
Saline,Coffee,52
Red & Yellow,Wheat,57
Silt,Barley,24
Black,Barley,65
Desert,Tea,28
Clay,Rubber,48
Sandy Loam,Chili,71
Peaty,Chili,66
Forest,Cotton,48
Sandy Loam,Maize,77
Loam,Cotton,70
Silt,Tea,36
Forest,Potato,38
Peaty,Vegetables,71
Laterite,Maize,77
Clay,Pulses,40
Desert,Grapes,55
Silt,Wheat,24
Desert,Barley,47
Silt,Tea,60
Forest,Chili,53
Chalky,Chili,63
Red & Yellow,Cotton,47
Red & Yellow,Cotton,70
Black,Wheat,61
Alluvial,Mustard,53
Forest,Banana,75
Forest,Pulses,38
Peaty,Pulses,22
Laterite,Millet,23
Saline,Vegetables,67
Desert,Groundnut,37
Red & Yellow,Cotton,53
Black,Pulses,28
Clay,Potato,34
Alluvial,Rice,26
Saline,Barley,35
Sandy Loam,Sugarcane,42
Peaty,Vegetables,20
Peaty,Coffee,57
Clay,Mustard,42
Black,Banana,48
Silt,Maize,49
Clay,Barley,31
Desert,Wheat,61
Alluvial,Barley,76
Loam,Barley,30
Forest,Banana,35
Red & Yellow,Rice,57
Sandy Loam,Cotton,51
Sandy Loam,Rice,38
Loam,Rice,77
Laterite,Grapes,35
Forest,Groundnut,66
Silt,Soybean,56
Red & Yellow,Chili,69
Red & Yellow,Barley,21
Arid,Potato,78
Sandy Loam,Soybean,49
Sandy Loam,Barley,60
Laterite,Maize,72
Sandy Loam,Banana,45
Saline,Tomato,46
Clay,Potato,65
Peaty,Mustard,24
Laterite,Wheat,45
Silt,Sugarcane,70
Clay,Maize,53
Loam,Millet,76
Loam,Millet,29
Peaty,Banana,23
Alluvial,Potato,72
Laterite,Millet,31
Red & Yellow,Tomato,49
Forest,Maize,45
Alluvial,Cotton,65
Silt,Vegetables,43
Alluvial,Groundnut,79
Chalky,Cotton,28
Desert,Groundnut,72
Alluvial,Banana,40
Laterite,Cotton,38
Silt,Cotton,57
Alluvial,Barley,47
Red & Yellow,Barley,43
Red & Yellow,Pulses,31
Peaty,Coffee,49
Forest,Millet,71
Laterite,Tea,20
Laterite,Barley,39
Loam,Sugarcane,45
Loam,Vegetables,31
Loam,Sugarcane,60
Laterite,Tomato,43
Laterite,Rubber,70
Chalky,Coffee,46
Saline,Sugarcane,32
Black,Pulses,80
Forest,Wheat,64
Forest,Banana,53
Forest,Mustard,73
Chalky,Vegetables,49
Alluvial,Maize,53
Peaty,Rice,77
Peaty,Potato,28
Silt,Soybean,68
Arid,Maize,52
Sandy Loam,Soybean,26
Peaty,Soybean,67
Desert,Rubber,43
Loam,Barley,21
Chalky,Coffee,27
Arid,Chili,29
Loam,Chili,67
Alluvial,Wheat,28
Chalky,Soybean,52
Arid,Coffee,68
Desert,Maize,68
Silt,Tomato,61
Forest,Soybean,48
Forest,Soybean,42
Desert,Rice,77
Silt,Potato,74
Chalky,Cotton,52
Desert,Potato,76
Desert,Millet,37
Silt,Tomato,25
Loam,Mustard,69
Saline,Rubber,48
Arid,Groundnut,66
Saline,Wheat,72
Chalky,Millet,34
Alluvial,Sugarcane,55
Clay,Grapes,47
Silt,Rubber,42
Sandy Loam,Vegetables,24
Black,Pulses,40
Laterite,Chili,24
Sandy Loam,Tomato,46
